validation,AC,AL,AM,AP,BA,CE,DF,GO,MA,MG,MS,MT,PA,PB,PE,PI,PR,RJ,RN,RO,RR,RS,SC,SE,SP,TO
1,177.00638149814597,4231.692442083825,107.20372822078463,52.1516065377223,632.0051669567559,5217.272929734392,5310.44853949009,2086.655658194598,109.73441917128198,4936.998456452386,830.6543065085988,512.8531865018911,143.19450588675008,216.70560820849408,366.00743414511606,221.2808200241347,8957.100373692818,1233.5969535404142,318.24902519758774,156.43967868578937,47.101323696802595,4296.933977964334,3635.2058465669134,54.52004771807747,9475.347130100436,230.26049723414403
2,189.87917840117473,387.5732460656199,145.57824789810826,873.8005787926994,3139.580392464013,1054.3997418210781,4564.694816041707,4172.1721664268125,140.9635241105065,23332.328403098396,1684.495865791934,648.1228142091111,209.70348644201783,192.8662866467018,420.34044971101906,170.58013096730429,10158.141517607857,4232.958616904324,248.9893739425375,153.1436128037892,167.73480325082969,6543.966549702322,9364.47910338783,50.859700783867396,22694.23074902243,84.44480058149166
3,162.70828456058248,1483.0462494373933,100.87247630734436,449.97474069015874,2081.7193380200774,851.814351351619,922.1839562850754,2687.6216774914656,108.06408882311923,8043.966445711857,841.799180157849,800.6561905488719,165.47310400802183,158.08216423002645,393.0073369434657,133.29702982251666,9202.787409118053,1505.6534914998085,247.72492187295938,62.97007667684234,91.2075705565877,3454.3209484830245,3698.879190690738,43.22101417644903,10277.146030576474,113.01722055800263
4,153.63666634361638,320.36524470383614,87.08094265644422,1633.1109892959691,1109.9051230435352,267.78037599784693,456.0024950353069,1697.6763941579648,118.02660298349647,4229.935919025871,402.2054052970937,364.3238113533258,174.11937372437822,102.55494780664195,344.38833410807723,185.24048530767675,4075.066772426731,1426.9933915366842,156.63449468550658,103.62176034907895,120.29215843051063,887.5196296003398,1128.2847907410367,107.84747020743062,11592.789114147607,222.28218920487691
