validation,AC,AL,AM,AP,BA,CE,DF,GO,MA,MG,MS,MT,PA,PB,PE,PI,PR,RJ,RN,RO,RR,RS,SC,SE,SP,TO
1,692.5319734966204,3888.6576870589683,105.41778514254052,57.262272235523724,659.1403087169846,4459.490172720792,4180.812648334791,2597.267691776931,105.49518432216729,4978.507661928042,854.6026790568905,539.5433593557104,140.41886832047555,277.73446855529176,323.5043343419833,321.99600301149616,9424.161968389613,1177.2043607319627,449.1358105325162,154.01910470557846,94.4459435865832,5694.977477465719,3150.9084308108168,58.24672023823403,8096.832545285293,356.69906636339005
2,238.20253030684069,453.7291451498292,145.26876396120196,882.1410165416671,3176.287887234321,1147.172178383445,4587.580544742893,3690.6099760745337,136.59397819163536,24149.183115897406,1779.1839546442457,682.7779225056197,210.31736893430116,221.2980947222177,378.5765381674901,175.92826364601245,10720.197537532491,4045.2761942485886,218.84034659450197,209.30600035096086,36.17135833804361,6330.2291094568,8158.779698062886,40.69738344853114,24014.564330713984,95.08145790552265
3,165.169849231751,1479.2941610778778,93.97554112706992,618.1288425469168,1993.4395486532926,751.1396679721848,1016.8253165090275,3274.435695665554,103.53098485144808,8522.954943253162,888.4767698020794,681.070534020866,156.2100737171152,126.37132005092978,332.0270362188979,142.0688687411962,6567.621566926342,1951.056318777083,170.20796323306774,108.57277113256133,88.48791824196573,2903.5444973877507,11670.429127213934,35.52711666105814,11144.696837702186,237.68365551218878
4,135.91316557175972,249.21312639283695,108.22510646807329,1105.8097675590573,511.17102768327425,204.43782863235404,533.675561598175,1809.4919103766329,119.95780386976317,4662.317538001597,429.40275200530124,354.05419141610423,131.83754091175584,120.25194134144162,535.1717873057441,192.61670234641193,5118.58374943365,1535.9582284379023,165.4353476201421,139.80050914616461,115.18244590942915,812.4195400890372,1133.7516791113048,28.806229569235306,14537.905932777503,227.31946582758226
